feature_name,importance,rank
feature_059,0.015656316341427064,1
feature_247,0.011477014587712789,2
feature_487,0.011308325779794084,3
feature_112,0.009245549716924192,4
feature_385,0.006388862461110803,5
feature_425,0.005917396498820235,6
feature_486,0.0058595815298656175,7
feature_028,0.005459746058894191,8
feature_019,0.004763062013565583,9
feature_021,0.004024547438104281,10
feature_040,0.003658797754261198,11
feature_480,0.003375044018804957,12
feature_160,0.0030097972684299283,13
feature_017,0.002933429663599518,14
feature_510,0.0028145241697473374,15
feature_519,0.0027861095628935574,16
feature_152,0.002782683631217214,17
feature_563,0.0027530712318734525,18
feature_130,0.0027412862923596737,19
feature_460,0.002721050387182142,20
feature_202,0.002616682052710609,21
feature_430,0.0025432045972982654,22
feature_123,0.002528876282060055,23
feature_469,0.002473509010517161,24
feature_468,0.0024081941641302756,25
feature_290,0.0022545361083225524,26
feature_280,0.0022188841008923183,27
feature_167,0.0021805324125689445,28
feature_225,0.0021312302165362148,29
feature_344,0.0021198755680998686,30
feature_406,0.0021193315092968763,31
feature_117,0.0020979377451694065,32
feature_389,0.0020846452128033045,33
feature_091,0.0020334448447137223,34
feature_124,0.00195664319111348,35
feature_302,0.001771965060429248,36
feature_459,0.0016637256958852375,37
feature_219,0.0016594614362559546,38
feature_072,0.0016389078935582946,39
feature_338,0.0015940264843904623,40
feature_058,0.0015614925336733642,41
feature_562,0.0015576538953431418,42
feature_416,0.0014643746321205604,43
feature_162,0.0014459709857265717,44
feature_087,0.0014322942176475477,45
feature_033,0.0014265610118209594,46
feature_127,0.001410982218933185,47
feature_056,0.0013412021116685018,48
feature_523,0.0013143460632266402,49
feature_295,0.0013097980059351062,50
feature_135,0.0012975134939476524,51
feature_431,0.001236320370018279,52
feature_212,0.00123226560030672,53
feature_079,0.0012302316567248451,54
feature_032,0.0012256816587731313,55
feature_334,0.001205989461648438,56
feature_294,0.001205573791978723,57
feature_540,0.0012045514351943427,58
feature_065,0.0011639859900809345,59
feature_287,0.0011623916965778774,60
feature_131,0.0011608953334797307,61
feature_489,0.0011465473492234869,62
feature_407,0.0011192702350157457,63
feature_429,0.0011089880980994892,64
feature_176,0.0010915126243399825,65
feature_479,0.0010758553735358612,66
feature_474,0.0010693635996918056,67
feature_147,0.0010209589742586982,68
feature_454,0.0010084901146520913,69
feature_350,0.0009454698591677219,70
feature_172,0.0009441089783262218,71
feature_445,0.0009137651941462904,72
feature_210,0.0009066745047145274,73
feature_026,0.0009024699192820618,74
feature_208,0.0008975600865392841,75
feature_491,0.0008946616664911977,76
feature_092,0.0008944807902222796,77
feature_022,0.0008915270803115688,78
feature_405,0.0008699213869547389,79
feature_291,0.000864155216895282,80
feature_475,0.0008477088305307468,81
feature_548,0.0008459824688437423,82
feature_102,0.0008414331204944864,83
feature_090,0.0008311850410653021,84
feature_573,0.0008288406237806107,85
feature_558,0.000827798980800934,86
feature_043,0.0008162261532995568,87
feature_274,0.0008005147229033699,88
feature_522,0.0007853458501371813,89
feature_324,0.0007833698756470858,90
feature_589,0.0007808832398340154,91
feature_308,0.0007599512039001305,92
feature_201,0.0007528230306402539,93
feature_035,0.0007525226832582499,94
feature_165,0.0007425025942261077,95
feature_559,0.0007236981247733143,96
feature_140,0.0007183103675792113,97
feature_547,0.0007162132689743028,98
feature_119,0.0006989949843296123,99
feature_438,0.0006893031353463503,100
feature_044,0.0006876550665640413,101
feature_567,0.0006849128392394626,102
feature_426,0.0006797939642375767,103
feature_086,0.0006741613325296714,104
feature_250,0.0006563450900714474,105
feature_309,0.0006557277499828068,106
feature_187,0.0006462356620358434,107
feature_311,0.0006305201868633675,108
feature_319,0.0006236559622318505,109
feature_552,0.0006210383215995402,110
feature_275,0.0006201983302427105,111
feature_129,0.0006047406049943804,112
feature_301,0.000596599263244077,113
feature_036,0.0005940676541691198,114
feature_409,0.0005795851479995035,115
feature_137,0.0005774112132536036,116
feature_349,0.0005715909698033039,117
feature_132,0.0005626616480854552,118
feature_128,0.0005619970265577257,119
feature_471,0.0005534657770996487,120
feature_437,0.0005456180751795186,121
feature_428,0.0005393844550659416,122
feature_575,0.0005357750416314893,123
feature_195,0.0005293275729729985,124
feature_115,0.0005225015034289765,125
feature_359,0.000518706716415257,126
feature_122,0.0005117190112532671,127
feature_340,0.0005101553015145505,128
feature_545,0.000506939124334782,129
feature_288,0.000503014723666767,130
feature_525,0.0004981505744450637,131
feature_418,0.0004945934874298258,132
feature_148,0.0004910859471081358,133
feature_156,0.0004859046590279248,134
feature_171,0.0004845838234555866,135
feature_571,0.00048367330964519116,136
feature_121,0.0004782861193498855,137
feature_182,0.00047344940028271054,138
feature_588,0.0004732465335627545,139
feature_549,0.0004580529138969197,140
feature_550,0.0004573380802356475,141
feature_282,0.0004559735839653217,142
feature_452,0.000450964341237603,143
feature_576,0.0004467164711727756,144
feature_392,0.0004308001154721963,145
feature_222,0.0004261967966574853,146
feature_062,0.0004172815833823118,147
feature_215,0.0004077094677275905,148
feature_586,0.0004065931790966537,149
feature_073,0.0004053707211263746,150
feature_362,0.00040293997848632744,151
feature_413,0.00039857508237297614,152
feature_025,0.0003699748737170133,153
feature_566,0.0003593096944147972,154
feature_436,0.0003522879007020419,155
feature_000,0.0003496613955496303,156
feature_144,0.0003486664549864099,157
feature_253,0.00034265429704087303,158
feature_184,0.00033547899656725667,159
feature_271,0.00033218241350633224,160
feature_181,0.0003264584643871554,161
feature_539,0.00032526826028027035,162
feature_010,0.0003165688203983719,163
feature_015,0.00031363514000643243,164
feature_511,0.00031182728874691037,165
feature_048,0.0003056546819439676,166
feature_224,0.00030494741757984003,167
feature_556,0.000301441199370453,168
feature_415,0.00028789735127978386,169
feature_368,0.0002665084819801405,170
feature_145,0.00026447792574401107,171
feature_268,0.000260758659343846,172
feature_305,0.00025869489481414597,173
feature_541,0.00025721534623244504,174
feature_269,0.0002551912787927851,175
feature_568,0.00025045895267757355,176
feature_584,0.00024883976363186677,177
feature_553,0.00022835462630002302,178
feature_470,0.0002272820969369621,179
feature_211,0.00022642216487033794,180
feature_050,0.00022026923885939132,181
feature_093,0.00021711865231236472,182
feature_081,0.00021467323768808723,183
feature_053,0.0002132678939449545,184
feature_574,0.0002130008870009442,185
feature_499,0.0002070225154142763,186
feature_273,0.00020669592571792296,187
feature_494,0.00020469828830562697,188
feature_420,0.00020118379842136712,189
feature_107,0.00020049209346213737,190
feature_443,0.00019957922996605149,191
feature_527,0.00019434648825917555,192
feature_173,0.000194060944920027,193
feature_444,0.0001940308684955483,194
feature_018,0.00019083079135528424,195
feature_336,0.0001885108358265053,196
feature_421,0.00016322139573869964,197
feature_520,0.0001624745106836495,198
feature_223,0.00016135097159373225,199
feature_014,0.00015728630961849566,200
feature_197,0.0001558110479916025,201
feature_051,0.00015566752671471173,202
feature_411,0.00014488048954535703,203
feature_198,0.00014084028681359828,204
feature_200,0.0001350409926353574,205
feature_154,0.0001267575525946002,206
feature_354,0.0001259658046048495,207
feature_214,0.00012107374311987051,208
feature_386,0.00010867211549334677,209
feature_473,0.00010253658349631822,210
feature_077,9.996288698601585e-05,211
feature_551,9.578437535506245e-05,212
feature_047,9.26639904453852e-05,213
feature_583,8.901974950523695e-05,214
feature_034,7.555189420468123e-05,215
feature_441,6.531936350750444e-05,216
feature_439,6.503559993319419e-05,217
feature_009,5.347399307308598e-05,218
feature_363,4.937713065377436e-05,219
feature_267,4.731763840038206e-05,220
feature_447,4.622835268137115e-05,221
feature_060,3.896671655897743e-05,222
feature_320,3.729704939527401e-05,223
feature_002,3.278914293574631e-05,224
feature_088,3.2560772616394006e-05,225
feature_521,2.6621410269211943e-05,226
feature_203,1.5255419239243451e-05,227
feature_012,1.7831669926915427e-06,228
feature_458,0.0,229
feature_466,0.0,230
feature_465,0.0,231
feature_461,0.0,232
feature_531,0.0,233
feature_529,0.0,234
feature_530,0.0,235
feature_544,0.0,236
feature_536,0.0,237
feature_537,0.0,238
feature_005,0.0,239
feature_538,0.0,240
feature_532,0.0,241
feature_533,0.0,242
feature_534,0.0,243
feature_535,0.0,244
feature_528,0.0,245
feature_229,0.0,246
feature_226,0.0,247
feature_179,0.0,248
feature_149,0.0,249
feature_209,0.0,250
feature_220,0.0,251
feature_231,0.0,252
feature_230,0.0,253
feature_178,0.0,254
feature_191,0.0,255
feature_190,0.0,256
feature_013,0.0,257
feature_189,0.0,258
feature_186,0.0,259
feature_509,0.0,260
feature_508,0.0,261
feature_507,0.0,262
feature_506,0.0,263
feature_505,0.0,264
feature_504,0.0,265
feature_518,0.0,266
feature_517,0.0,267
feature_262,0.0,268
feature_261,0.0,269
feature_260,0.0,270
feature_259,0.0,271
feature_258,0.0,272
feature_257,0.0,273
feature_256,0.0,274
feature_206,0.0,275
feature_462,0.0,276
feature_449,0.0,277
feature_450,0.0,278
feature_451,0.0,279
feature_193,0.0,280
feature_192,0.0,281
feature_463,0.0,282
feature_194,0.0,283
feature_481,0.0,284
feature_141,0.0,285
feature_464,0.0,286
feature_478,0.0,287
feature_242,0.0,288
feature_241,0.0,289
feature_243,0.0,290
feature_502,0.0,291
feature_074,0.0,292
feature_284,0.0,293
feature_292,0.0,294
feature_293,0.0,295
feature_237,0.0,296
feature_236,0.0,297
feature_234,0.0,298
feature_235,0.0,299
feature_246,0.0,300
feature_114,0.0,301
feature_104,0.0,302
feature_109,0.0,303
feature_110,0.0,304
feature_111,0.0,305
feature_512,0.0,306
feature_513,0.0,307
feature_266,0.0,308
feature_265,0.0,309
feature_264,0.0,310
feature_244,0.0,311
feature_232,0.0,312
feature_233,0.0,313
feature_245,0.0,314
feature_501,0.0,315
feature_503,0.0,316
feature_157,0.0,317
feature_158,0.0,318
feature_263,0.0,319
feature_249,0.0,320
feature_240,0.0,321
feature_492,0.0,322
feature_498,0.0,323
feature_422,0.0,324
feature_313,0.0,325
feature_314,0.0,326
feature_315,0.0,327
feature_322,0.0,328
feature_325,0.0,329
feature_326,0.0,330
feature_327,0.0,331
feature_514,0.0,332
feature_515,0.0,333
feature_516,0.0,334
feature_276,0.0,335
feature_278,0.0,336
feature_396,0.0,337
feature_395,0.0,338
feature_414,0.0,339
feature_347,0.0,340
feature_358,0.0,341
feature_357,0.0,342
feature_399,0.0,343
feature_397,0.0,344
feature_398,0.0,345
feature_329,0.0,346
feature_342,0.0,347
feature_049,0.0,348
feature_069,0.0,349
feature_401,0.0,350
feature_400,0.0,351
feature_403,0.0,352
feature_404,0.0,353
feature_394,0.0,354
feature_402,0.0,355
feature_101,0.0,356
feature_100,0.0,357
feature_097,0.0,358
feature_042,0.0,359
feature_052,0.0,360
feature_328,0.0,361
feature_095,0.0,362
feature_085,0.0,363
feature_384,0.0,364
feature_387,0.0,365
feature_376,0.0,366
feature_377,0.0,367
feature_378,0.0,368
feature_379,0.0,369
feature_330,0.0,370
feature_094,0.0,371
feature_381,0.0,372
feature_380,0.0,373
feature_382,0.0,374
feature_383,0.0,375
feature_371,0.0,376
feature_372,0.0,377
feature_369,0.0,378
feature_370,0.0,379
feature_374,0.0,380
feature_373,0.0,381
feature_364,0.0,382
feature_375,0.0,383
feature_578,0.0,384
feature_579,0.0,385
feature_580,0.0,386
feature_581,0.0,387
feature_448,-2.55978115091815e-06,388
feature_427,-5.797142088737051e-06,389
feature_064,-1.7081422965492533e-05,390
feature_543,-1.903660060854351e-05,391
feature_289,-1.933592085186231e-05,392
feature_331,-2.0581911241035477e-05,393
feature_163,-2.1515425338644588e-05,394
feature_361,-2.4246179766437838e-05,395
feature_070,-3.074937496790331e-05,396
feature_572,-3.4689234269813515e-05,397
feature_339,-3.6283652386631673e-05,398
feature_083,-4.12993272840334e-05,399
feature_098,-4.684547607592959e-05,400
feature_417,-4.80689511194482e-05,401
feature_248,-5.005233063899162e-05,402
feature_569,-6.07593138686191e-05,403
feature_153,-6.241917964148468e-05,404
feature_133,-7.155822348716424e-05,405
feature_001,-7.213128093944699e-05,406
feature_138,-7.6044527658789e-05,407
feature_299,-8.569680807416768e-05,408
feature_217,-8.58031917168045e-05,409
feature_161,-8.735094854746828e-05,410
feature_054,-9.301811701000474e-05,411
feature_281,-9.959105962703552e-05,412
feature_106,-0.00012775392428737985,413
feature_321,-0.0001283753735116133,414
feature_356,-0.00013041741045966004,415
feature_488,-0.00013324994388914935,416
feature_333,-0.00013512507968059528,417
feature_011,-0.00013804722155410232,418
feature_066,-0.0001383090774328355,419
feature_139,-0.0001389819236693207,420
feature_565,-0.00014243047330550208,421
feature_185,-0.0001521252502439674,422
feature_323,-0.00015695742425509974,423
feature_037,-0.00016264616868216786,424
feature_455,-0.0001631838046975781,425
feature_497,-0.00016630427653119008,426
feature_453,-0.00016634211724589343,427
feature_238,-0.00016654142436356434,428
feature_151,-0.0001713954291425013,429
feature_388,-0.0001731554293917109,430
feature_585,-0.00018430608966515661,431
feature_412,-0.00018554365329655765,432
feature_303,-0.00019074996343974027,433
feature_175,-0.00019213832237025553,434
feature_367,-0.00019660163279070774,435
feature_007,-0.0002016187255200197,436
feature_435,-0.00020196625710245663,437
feature_143,-0.00020380670630792407,438
feature_410,-0.00020510085727175055,439
feature_120,-0.0002055584441151642,440
feature_216,-0.00023082904348452893,441
feature_564,-0.00024170969119938213,442
feature_082,-0.00024784683520210347,443
feature_255,-0.0002479847219553216,444
feature_577,-0.00024804366864621396,445
feature_227,-0.00025040333823282137,446
feature_300,-0.00025050165938597104,447
feature_485,-0.00025329196013398057,448
feature_296,-0.0002703492000368984,449
feature_089,-0.00027074857666954666,450
feature_279,-0.00027186292646715624,451
feature_254,-0.0002758689572476769,452
feature_442,-0.0002804504925534468,453
feature_555,-0.0002826469556820144,454
feature_341,-0.0002828514728475423,455
feature_023,-0.00028419657867640444,456
feature_423,-0.0002876141764075246,457
feature_306,-0.0002951735626235769,458
feature_020,-0.00030293736363469216,459
feature_030,-0.00030681736276844395,460
feature_170,-0.00030915929886280726,461
feature_424,-0.00031523135562037675,462
feature_076,-0.000317135278309702,463
feature_004,-0.00031893989183139624,464
feature_283,-0.00032000997609055447,465
feature_252,-0.0003332272700980743,466
feature_008,-0.0003343642885439924,467
feature_285,-0.00033856445731066944,468
feature_391,-0.00034772692798143434,469
feature_348,-0.0003523335007782263,470
feature_307,-0.00035519786918224996,471
feature_016,-0.00035714537688456003,472
feature_003,-0.00036026021123594377,473
feature_360,-0.00036894102294696693,474
feature_352,-0.00038746231324550683,475
feature_335,-0.000390051499188096,476
feature_393,-0.0003943815686019675,477
feature_188,-0.00039917394753610227,478
feature_557,-0.0004052639238179584,479
feature_207,-0.00040604828090016196,480
feature_561,-0.0004185929856255433,481
feature_118,-0.0004191983488243095,482
feature_456,-0.00043010519934091884,483
feature_055,-0.0004383394675996716,484
feature_570,-0.000442756888783169,485
feature_332,-0.0004583612057891595,486
feature_343,-0.00046238401442325326,487
feature_166,-0.00046294396837464333,488
feature_457,-0.00046565922736018785,489
feature_542,-0.0004671506772528533,490
feature_084,-0.0004686371929545297,491
feature_221,-0.0004864091937946208,492
feature_495,-0.0005043559136993809,493
feature_080,-0.0005083169908529084,494
feature_560,-0.0005100206208681846,495
feature_196,-0.0005222186966881759,496
feature_105,-0.0005251628580837609,497
feature_155,-0.0005254776640066572,498
feature_316,-0.0005269670666911919,499
feature_390,-0.0005563990789357126,500
feature_496,-0.0005623988767032295,501
feature_078,-0.0005670827925221639,502
feature_164,-0.0005773904772326532,503
feature_476,-0.0005782989969286029,504
feature_096,-0.000608382273888064,505
feature_317,-0.0006097887693962023,506
feature_490,-0.0006274427274766487,507
feature_353,-0.0006299007378959192,508
feature_039,-0.0006368925795264685,509
feature_174,-0.0006489957363186832,510
feature_298,-0.0006499136372280862,511
feature_366,-0.0006663805384245297,512
feature_228,-0.0006664357725537168,513
feature_286,-0.0006784479056345799,514
feature_183,-0.0006832657047927571,515
feature_218,-0.0006908303246682679,516
feature_125,-0.0006930867298567567,517
feature_318,-0.0006964425227310112,518
feature_337,-0.0006981210788305437,519
feature_142,-0.0007065551903977424,520
feature_108,-0.0007474416861494582,521
feature_067,-0.0007631006406391,522
feature_180,-0.0007676418233050347,523
feature_272,-0.0007773177758205963,524
feature_587,-0.0007790095591162033,525
feature_434,-0.0008042971586470604,526
feature_150,-0.0008098649267161834,527
feature_582,-0.0008142652360470127,528
feature_099,-0.0008261941534955131,529
feature_061,-0.0008362208159770595,530
feature_038,-0.0008465903570728267,531
feature_270,-0.0008489873526239478,532
feature_199,-0.0008515021361684333,533
feature_483,-0.0008579993175938827,534
feature_408,-0.0008658700206620018,535
feature_239,-0.0008703852963056757,536
feature_168,-0.0008941032307972884,537
feature_136,-0.0008943639803805469,538
feature_467,-0.0008952168379855352,539
feature_046,-0.0009160388717089851,540
feature_277,-0.000954612058522214,541
feature_204,-0.0009997970879587897,542
feature_346,-0.001015658998764174,543
feature_365,-0.0010480712210652553,544
feature_045,-0.0010538811048194097,545
feature_126,-0.0010569656652762937,546
feature_071,-0.0011103156221970029,547
feature_472,-0.0011308250639375406,548
feature_546,-0.001134532157671919,549
feature_113,-0.0011508069564836938,550
feature_177,-0.0011782208978865865,551
feature_041,-0.0011902398974059842,552
feature_024,-0.001197598296662533,553
feature_057,-0.0012270499856820271,554
feature_006,-0.0012296876585925847,555
feature_482,-0.0012385441474480647,556
feature_304,-0.0012632044969998813,557
feature_029,-0.0012735448147084688,558
feature_251,-0.00129435955575877,559
feature_103,-0.0013060604793905667,560
feature_526,-0.001336789222483112,561
feature_493,-0.0014466645651408983,562
feature_554,-0.001456601874523855,563
feature_063,-0.0015263512083298404,564
feature_355,-0.0015325422315638827,565
feature_440,-0.0015448169817621593,566
feature_484,-0.0016763877557821548,567
feature_068,-0.0016892012720963329,568
feature_213,-0.0018211564877817805,569
feature_524,-0.0018382553553113745,570
feature_500,-0.001860329026995841,571
feature_146,-0.0018626103167380976,572
feature_134,-0.0019728069709984363,573
feature_169,-0.00213861856306157,574
feature_477,-0.002187859234715153,575
feature_297,-0.00222772039499049,576
feature_432,-0.002264555005190322,577
feature_159,-0.0022961412252626295,578
feature_027,-0.0023550073557273205,579
feature_312,-0.002383607201829918,580
feature_075,-0.002758024741417661,581
feature_446,-0.0031661004990020227,582
feature_205,-0.005169393615442994,583
feature_116,-0.006400463211342436,584
feature_031,-0.007078796952656572,585
feature_351,-0.007285301159026483,586
feature_419,-0.008879638909134527,587
feature_433,-0.009536701371091449,588
feature_310,-0.011287296944403011,589
feature_345,-0.011437999078100664,590
